<?xml version="1.0" encoding="UTF-8"?>
<!--
Asset records are stored RELATIVE to a directory/URL that you define.

"Remote" assets will have a url, but the path will be empty.
-->
<model package="assman" version="1.0" baseClass="xPDOObject" platform="mysql" defaultEngine="MyISAM">

    
	<!-- ! Asset -->
	<!-- 
	calculated fields:
	   url : either manual_url OR assets_url + assman.library_path + stub
	   path: assets_path + assman.library_path
    -->
	<object class="Asset" table="assets" extends="xPDOObject">
    	<field key="asset_id" dbtype="int" precision="11" phptype="integer" null="false" index="pk"  generated="native" />
    	<field key="content_type_id" dbtype="int" precision="11" phptype="integer" null="false"/>
		<field key="title" dbtype="varchar" precision="255" phptype="string" null="false" />
		<field key="alt" dbtype="varchar" precision="255" phptype="string" null="false" />
		<!-- for remote assets -->
		<field key="manual_url" dbtype="varchar" precision="255" phptype="string" null="false" index="index"/>
		<!-- 
		For images, this will be a smaller version of the image, otherwise it'll be an icon for the content type 
		thumbnail_url is a calculated field. See asset.class.php
		-->
		<field key="thumbnail_manual_url" dbtype="varchar" precision="255" phptype="string" null="false" index="index"/>
		<!-- the stub field is the raw material for url and path calcs.
		This might be null if a foriegn image is referenced via manual_url
		-->
		<field key="stub" dbtype="varchar" precision="255" phptype="string" null="true" index="index"/>
		<field key="width" dbtype="int" precision="4" phptype="integer" null="false" />
		<field key="height" dbtype="int" precision="4" phptype="integer" null="false" />
		<field key="size" dbtype="int" precision="11" phptype="integer" null="false" comment="In Bytes"/>
		<field key="duration" dbtype="int" precision="11" phptype="integer" null="false" comment="for videos and sound files: round to seconds"/>
		<!-- md5_file signature calculation of the file or url -->
		<field key="sig" dbtype="varchar" precision="40" phptype="string" null="false" index="index"/>
		<field key="seq" dbtype="int" precision="4" phptype="integer" null="false" />
		<field key="is_image" dbtype="tinyint" precision="1" attributes="unsigned" phptype="boolean" null="false" default="1" />
		<field key="is_active" dbtype="tinyint" precision="1" attributes="unsigned" phptype="boolean" null="false" default="1" />
		<field key="is_protected" dbtype="tinyint" precision="1" attributes="unsigned" phptype="boolean" null="false" default="0" />

		<field key="timestamp_created" dbtype="timestamp" phptype="timestamp" null="true" default="CURRENT_TIMESTAMP" />
		<field key="timestamp_modified" dbtype="timestamp" phptype="timestamp" null="true" />
		
		<index alias="PRIMARY" name="PRIMARY" primary="true" unique="true">
			<column key="asset_id" length="" collation="A" null="false" />
		</index>
        <index alias="url" name="url" primary="false" unique="true" type="BTREE">
			<column key="url" length="" collation="A" null="false" />
		</index>
        <index alias="path" name="path" primary="false" unique="true" type="BTREE">
			<column key="path" length="" collation="A" null="true" />
		</index>
        <index alias="sig" name="sig" primary="false" unique="true" type="BTREE">
			<column key="sig" length="" collation="A" null="false" />
		</index>

        <composite alias="Pages" class="PageAsset" local="asset_id" foreign="asset_id" cardinality="many" owner="local" />
        <aggregate alias="ContentType" class="modContentType" local="content_type_id" foreign="id" cardinality="one" owner="foreign" />
    
	</object>


    <!-- ! PageAsset 
    for linking product and assets. Sort into groups and then by seq.
    -->
	<object class="PageAsset" table="page_assets" extends="xPDOSimpleObject">
		<field key="page_id" dbtype="int" precision="11" phptype="integer" null="false"/>
        <field key="asset_id" dbtype="int" precision="11" phptype="integer" null="false"/>
        <field key="group" dbtype="varchar" precision="32" phptype="string" null="true" />
        <field key="is_active" dbtype="tinyint" precision="1" phptype="integer" null="false" default="1" comment="Used to disable/enable an asset on a given page"/>
		<field key="seq" dbtype="tinyint" precision="3" phptype="integer" null="true" />		
		<index alias="PRIMARY" name="PRIMARY" primary="true" unique="true">
			<column key="id" length="" collation="A" null="false" />
		</index>

        <aggregate alias="Page" class="modResource" local="page_id" foreign="id" cardinality="one" owner="foreign" />
        <aggregate alias="Asset" class="Asset" local="asset_id" foreign="asset_id" cardinality="one" owner="foreign" />
               
	</object>
</model>